CODENTID,CODPROGR,CODCUENT,TIPOPUNT,CANTPUNT,FECULTAC,FECHPROC,CHEQDATA
0001    ,GENERORO,00010001000000011033,01,328,20180903,20180427,2018-09-03-10.31.22.399468
0001    ,GENEPLAT,00010001000000011442,01,362,20180713,20180713,2018-07-13-10.16.19.460030
0001    ,GENECLAS,00010001000000011820,06,138,20170410,20170112,2017-04-10-17.24.50.810931
0001    ,GENERORO,00010001000003211840,06,27,20180314,20171115,2018-03-14-17.25.47.477329
0001    ,GENERORO,00010001000003212082,01,143,20180525,20180525,2018-05-25-07.34.01.935576
0001    ,AMEXGOLD,00010001000003212082,01,195,20180525,20171221,2018-05-25-07.34.01.935576
0001    ,GENECLAS,00010001000003212118,05,38,20180712,20180104,2018-07-12-09.19.18.527464
0001    ,GENECLAS,00010001000003212118,01,30,20180313,20180104,2018-03-13-18.40.53.556653
0001    ,GENECLAS,00010001000003214389,06,650,20180315,20180115,2018-03-15-22.39.35.830256
0001    ,GENECLAS,00010001000003217453,01,1168,20180717,20180425,2018-07-17-10.01.18.357885
0001    ,GENECLAS,00010001000003217456,01,292,20180717,20180425,2018-07-17-10.01.18.357885
0001    ,GENECLAS,00010001000003217459,01,190,20180717,20180425,2018-07-17-10.01.18.357885
0001    ,AMEXGOLD,00010001000003217766,01,110,20180608,20180608,2018-06-08-22.07.14.666312
0001    ,GENERORO,00010002000000011396,01,2520,20180713,20180525,2018-07-13-10.16.19.460030
0001    ,GENERORO,00010002000000011419,01,175,20180525,20180525,2018-05-25-07.34.01.935576
0001    ,GENBLACK,00010002000000011516,01,747,20180810,20180711,2018-08-10-11.17.59.929538
0001    ,GENBLACK,00010002000000011527,01,1711,20180903,20180713,2018-09-03-10.31.22.399468
0001    ,GENSIGNT,00010003000000011550,01,1742,20180713,20180713,2018-07-13-10.16.19.460030
0001    ,GENERORO,00010003000000011564,06,130,20170731,20170403,2017-07-31-14.54.20.416884
0001    ,GENBLACK,00010003000000011574,01,61,20180903,20170112,2018-09-03-10.31.22.399468
0001    ,GENBLACK,00010003000000011574,05,61,20170605,20170112,2017-06-05-17.31.08.164338
0001    ,GENEREMP,00010003000000012834,01,102,20180528,20180525,2018-05-28-23.57.12.857598
0001    ,GENECLAS,00010003000000013024,01,117,20180730,20180730,2018-07-30-10.42.45.581678
0001    ,GENEPLAT,00010003000000013037,06,1314,20170410,20170317,2017-04-10-17.24.50.810931
0001    ,GENECLAS,00010003000000152612,01,366,20180417,20170925,2018-04-17-22.41.49.475882
0001    ,GENERORO,00010003000000198853,06,25,20170809,20170807,2017-08-09-18.31.47.941549
0001    ,GENEREMP,00010003000000302611,01,110,20180605,20180530,2018-06-05-21.27.27.972382
0001    ,GENEREMP,00010003000000302648,01,110,20180605,20180530,2018-06-05-21.27.27.972382
0001    ,GENECLAS,00010003000003202019,01,30279,20171011,20171010,2017-10-11-08.27.57.644283
0001    ,GENECLAS,00010003000003204690,01,24,20170328,20170104,2017-03-28-17.40.24.336752
0001    ,GENECLAS,00010003000003204691,01,208,20180723,20170111,2018-07-23-12.39.49.903552
0001    ,AMEXGOLD,00010003000003204693,01,38,20180903,20180903,2018-09-03-10.31.22.399468
0001    ,GENERORO,00010003000003204693,01,61,20180903,20170111,2018-09-03-10.31.22.399468
0001    ,GENERORO,00010003000003204694,01,36,20180723,20170111,2018-07-23-12.39.49.903552
0001    ,AMEXGOLD,00010003000003204970,01,83,20171018,20171018,2017-10-20-15.37.39.942225
0001    ,AMEXGOLD,00010003000003205784,01,456,20180525,20171012,2018-05-25-07.34.01.935576
0001    ,GENERORO,00010003000003205784,01,333,20180525,20171012,2018-05-25-07.34.01.935576
0001    ,AMEXGOLD,00010003000003206162,01,103551,20180903,20170927,2018-09-03-10.31.22.399468
0001    ,AMEXGOLD,00010003000003206164,06,437,20170925,20170920,2017-09-25-14.04.05.557810
0001    ,AMEXGOLD,00010003000003206165,06,750,20170922,20170920,2017-09-22-20.06.39.798180
0001    ,AMEXGOLD,00010003000003206175,01,639,20171013,20171013,2017-10-17-12.43.21.334392
0001    ,AMEXGOLD,00010003000003206177,01,1023,20171013,20171013,2017-10-17-12.43.21.334392
0001    ,AMEXGOLD,00010003000003206178,01,1889,20180903,20180522,2018-09-03-10.31.22.399468
0001    ,AMEXGOLD,00010003000003206181,01,71,20180903,20180222,2018-09-03-10.31.22.399468
0001    ,AMEXGOLD,00010003000003206188,01,408,20180903,20180222,2018-09-03-10.31.22.399468
0001    ,AMEXGOLD,00010003000003206190,01,633,20171013,20171013,2017-10-17-12.43.21.334392
0001    ,GENBLACK,00010003000003206307,01,549,20170906,20170818,2017-09-06-13.06.48.104802
0001    ,AMEXGOLD,00010003000003206358,01,5408,20180130,20171218,2018-01-31-18.26.13.597149
0001    ,GENECLAS,00010003000003206368,06,262,20170915,20170828,2017-09-19-18.08.51.228718
0001    ,GENEPLAT,00010003000003206407,01,113,20180903,20170912,2018-09-03-10.31.22.399468
0001    ,GENERORO,00010003000003206409,01,29990,20171013,20170912,2017-10-13-14.25.54.066008
0001    ,GENSIGNT,00010003000003206463,01,153,20171006,20170913,2017-10-06-15.02.05.059926
0001    ,GENECLAS,00010003000003206479,01,116,20171006,20170913,2017-10-06-15.02.05.059926
0001    ,AMEXGOLD,00010003000003206519,01,785,20171013,20171013,2017-10-17-12.43.21.334392
0001    ,GENECLAS,00010003000003206520,01,29960,20171013,20170913,2017-10-13-14.31.37.732676
0001    ,GENECLAS,00010003000003206525,01,16010,20171013,20170913,2017-10-13-14.34.10.044867
0001    ,GENECLAS,00010003000003206540,06,78,20180615,20171018,2018-06-15-11.51.46.491424
0001    ,GENECLAS,00010003000003206543,06,60,20180614,20171018,2018-06-14-10.20.56.976589
0001    ,GENECLAS,00010003000003206561,06,194,20180615,20171018,2018-06-15-11.51.46.491424
0001    ,GENECLAS,00010003000003206562,06,111,20180614,20171018,2018-06-14-10.20.56.976589
0001    ,GENECLAS,00010003000003206585,01,24921,20180903,20170913,2018-09-03-10.31.22.399468
0001    ,GENECLAS,00010003000003206587,01,14920,20171020,20170913,2017-10-20-15.31.33.030878
0001    ,GENECLAS,00010003000003206613,01,99,20180903,20171018,2018-09-03-10.31.22.399468
0001    ,GENECLAS,00010003000003206614,01,61,20171018,20171018,2017-10-20-15.37.39.942225
0001    ,AMEXGOLD,00010003000003206625,01,109709,20180802,20170927,2018-08-02-13.43.25.229594
0001    ,AMEXGOLD,00010003000003206625,05,140,20180315,20170927,2018-03-15-22.39.35.830256
0001    ,AMEXGOLD,00010003000003206626,01,150978,20180903,20170914,2018-09-03-10.31.22.399468
0001    ,GENERORO,00010003000003206626,01,716,20180903,20170929,2018-09-03-10.31.22.399468
0001    ,GENERORO,00010003000003206628,01,188,20180903,20171013,2018-09-03-10.31.22.399468
0001    ,AMEXGOLD,00010003000003206628,01,258,20180903,20170914,2018-09-03-10.31.22.399468
0001    ,GENINFIN,00010003000003206754,01,30141,20180525,20170918,2018-05-25-07.34.01.935576
0001    ,GENERORO,00010003000003206758,01,24585,20171023,20170918,2017-10-23-11.03.06.457811
0001    ,GENECLAS,00010003000003211616,01,63,20180903,20180222,2018-09-03-10.31.22.399468
0001    ,GENECLAS,00010003000003211619,05,10530,20180403,20171113,2018-04-03-17.18.43.788630
0001    ,GENECLAS,00010003000003211619,01,14628,20180522,20171113,2018-05-23-16.15.47.113838
0001    ,GENERORO,00010003000003211620,04,35,20180903,20171113,2018-09-03-10.31.22.399468
0001    ,GENERORO,00010003000003211620,01,489,20180615,20171113,2018-06-15-11.52.25.235731
0001    ,GENECLAS,00010003000003211621,01,6496,20180522,20171113,2018-05-23-16.15.47.113838
0001    ,GENECLAS,00010003000003211621,05,4590,20180403,20171113,2018-04-03-17.18.43.788630
0001    ,GENERORO,00010003000003211628,04,10,20180903,20171101,2018-09-03-10.31.22.399468
0001    ,GENERORO,00010003000003211628,01,28312,20180503,20171101,2018-05-03-21.39.22.883048
0001    ,GENECLAS,00010003000003211629,01,12516,20180130,20171101,2018-01-31-18.26.13.597149
0001    ,GENERORO,00010003000003211630,01,30377,20180503,20171101,2018-05-03-21.39.22.883048
0001    ,GENECLAS,00010003000003211631,01,23194,20180130,20171101,2018-01-31-18.26.13.597149
0001    ,GENECLAS,00010003000003211648,01,1645,20180131,20171108,2018-02-01-17.08.04.497273
0001    ,GENECLAS,00010003000003211662,06,53,20180726,20180111,2018-07-26-10.03.51.565489
0001    ,GENECLAS,00010003000003211665,06,268,20180627,20180111,2018-06-27-09.07.55.833702
0001    ,GENERORO,00010003000003211666,01,146,20180111,20171108,2018-01-11-15.10.41.392840
0001    ,GENECLAS,00010003000003211684,06,53,20180627,20180111,2018-06-27-09.07.55.833702
0001    ,GENEREMP,00010003000003211685,01,45,20180111,20171108,2018-01-11-15.10.41.392840
0001    ,GENECLAS,00010003000003211703,01,82,20180111,20171108,2018-01-11-15.10.41.392840
0001    ,GENECLAS,00010003000003211705,01,152,20180111,20171108,2018-01-11-15.10.41.392840
0001    ,GENECLAS,00010003000003211717,01,74,20180111,20180111,2018-01-11-15.10.41.392840
0001    ,GENERORO,00010003000003211718,01,91,20180111,20171108,2018-01-11-15.10.41.392840
0001    ,GENECLAS,00010003000003211731,01,953,20180803,20180111,2018-08-03-11.30.44.197876
0001    ,GENECLAS,00010003000003211732,01,91,20180111,20180111,2018-01-11-15.10.41.392840
0001    ,GENBLACK,00010003000003211736,01,134,20180111,20171108,2018-01-11-15.10.41.392840
0001    ,GENECLAS,00010003000003211744,01,94,20180111,20171108,2018-01-11-15.10.41.392840
0001    ,GENECLAS,00010003000003211759,06,73,20180726,20180111,2018-07-26-10.03.51.565489
0001    ,GENEPLAT,00010003000003211784,04,31,20180903,20171108,2018-09-03-10.31.22.399468
0001    ,GENEPLAT,00010003000003211784,01,94,20180111,20171108,2018-01-11-15.10.41.392840
0001    ,GENECLAS,00010003000003211800,01,48,20171122,20171108,2017-11-22-15.51.44.882310
0001    ,GENECLAS,00010003000003211814,04,61,20180903,20180111,2018-09-03-10.31.22.399468
0001    ,GENECLAS,00010003000003211814,01,73,20180111,20180111,2018-01-11-15.10.41.392840
0001    ,GENECLAS,00010003000003211828,01,73,20180111,20180111,2018-01-11-15.10.41.392840
0001    ,GENECLAS,00010003000003211828,04,33,20180903,20180111,2018-09-03-10.31.22.399468
0001    ,GENECLAS,00010003000003211835,01,74,20180111,20180111,2018-01-11-15.10.41.392840
0001    ,GENECLAS,00010003000003211835,04,50,20180903,20180111,2018-09-03-10.31.22.399468
0001    ,GENBLACK,00010003000003212001,01,2982,20180903,20171128,2018-09-03-10.31.22.399468
0001    ,GENBLACK,00010003000003212007,01,94,20180111,20171128,2018-01-11-15.10.41.392840
0001    ,GENECLAS,00010003000003212056,01,176,20180111,20171128,2018-01-11-15.10.41.392840
0001    ,GENECLAS,00010003000003212058,01,1962,20180131,20171128,2018-02-01-17.08.04.497273
0001    ,GENERORO,00010003000003212059,04,64,20180903,20171128,2018-09-03-10.31.22.399468
0001    ,GENERORO,00010003000003212059,01,1130,20180131,20171128,2018-02-01-17.08.04.497273
0001    ,GENBLACK,00010003000003212245,01,48,20180903,20180104,2018-09-03-10.31.22.399468
0001    ,GENBLACK,00010003000003212246,01,77,20180903,20180104,2018-09-03-10.31.22.399468
0001    ,GENSIGNT,00010003000003212686,01,1303,20180717,20180105,2018-07-17-10.01.18.357885
0001    ,GENSIGNT,00010003000003212692,01,926,20180809,20180105,2018-08-09-10.26.23.755175
0001    ,GENSIGNT,00010003000003212694,04,9,20180903,20180105,2018-09-03-10.31.22.399468
0001    ,GENSIGNT,00010003000003212694,01,927,20180717,20180105,2018-07-17-10.01.18.357885
0001    ,GENBLACK,00010003000003212716,01,1310,20180903,20180105,2018-09-03-10.31.22.399468
0001    ,GENBLACK,00010003000003212724,01,1464,20180903,20180105,2018-09-03-10.31.22.399468
0001    ,GENBLACK,00010003000003212732,01,1226,20180717,20180105,2018-07-17-10.01.18.357885
0001    ,GENBLACK,00010003000003212732,04,41,20180903,20180105,2018-09-03-10.31.22.399468
0001    ,GENECLAS,00010003000003212946,01,244,20180802,20180109,2018-08-02-13.43.25.229594
0001    ,GENECLAS,00010003000003212949,01,491,20180802,20180109,2018-08-02-13.43.25.229594
0001    ,GENECLAS,00010003000003212954,01,278,20180802,20180109,2018-08-02-13.43.25.229594
0001    ,GENERORO,00010003000003212966,01,1047,20180803,20180109,2018-08-03-11.30.44.197876
0001    ,GENERORO,00010003000003212966,04,41,20180903,20180109,2018-09-03-10.31.22.399468
0001    ,GENSIGNT,00010003000003212985,01,602,20180803,20180109,2018-08-03-11.30.44.197876
0001    ,GENEPLAT,00010003000003213008,04,391,20180803,20180109,2018-08-03-11.30.44.197876
0001    ,GENEPLAT,00010003000003213008,01,1089,20180706,20180109,2018-07-06-08.46.20.445388
0001    ,GENBLACK,00010003000003213021,04,42,20180903,20180109,2018-09-03-10.31.22.399468
0001    ,GENBLACK,00010003000003213021,01,1417,20180803,20180109,2018-08-03-11.30.44.197876
0001    ,GENECLAS,00010003000003213094,01,499,20180802,20180109,2018-08-02-13.43.25.229594
0001    ,GENERORO,00010003000003213117,01,1517,20180803,20180109,2018-08-03-11.30.44.197876
0001    ,GENERORO,00010003000003213117,04,37,20180903,20180109,2018-09-03-10.31.22.399468
0001    ,GENERORO,00010003000003213125,04,43,20180903,20180109,2018-09-03-10.31.22.399468
0001    ,GENERORO,00010003000003213125,01,639,20180803,20180109,2018-08-03-11.30.44.197876
0001    ,GENSIGNT,00010003000003213145,01,1067,20180706,20180109,2018-07-06-08.46.20.445388
0001    ,GENBLACK,00010003000003213173,01,1279,20180803,20180109,2018-08-03-11.30.44.197876
0001    ,GENBLACK,00010003000003213187,01,1627,20180803,20180109,2018-08-03-11.30.44.197876
0001    ,GENERORO,00010003000003214558,01,449,20180903,20180123,2018-09-03-10.31.22.399468
0001    ,GENERORO,00010003000003214559,01,252,20180628,20180123,2018-06-28-09.16.20.883808
0001    ,GENERORO,00010003000003214560,01,376,20180903,20180123,2018-09-03-10.31.22.399468
0001    ,GENSIGNT,00010003000003215413,01,996,20180615,20180125,2018-06-15-11.52.25.235731
0001    ,GENSIGNT,00010003000003215717,01,1661,20180726,20180125,2018-07-26-10.04.32.466192
0001    ,GENBLACK,00010003000003215746,01,641,20180628,20180125,2018-06-28-09.16.20.883808
0001    ,GENECLAS,00010003000003216055,01,1332,20180704,20180205,2018-07-04-09.18.37.307205
0001    ,GENECLAS,00010003000003216057,01,128,20180704,20180704,2018-07-04-09.18.37.307205
0001    ,GENECLAS,00010003000003216059,01,128,20180704,20180704,2018-07-04-09.18.37.307205
0001    ,GENECLAS,00010003000003216062,01,40,20180228,20180228,2018-02-28-16.48.51.117613
0001    ,GENECLAS,00010003000003216062,05,128,20180723,20180228,2018-07-23-12.38.45.551441
0001    ,GENECLAS,00010003000003216063,01,19,20180228,20180228,2018-02-28-16.48.51.117613
0001    ,GENECLAS,00010003000003216068,01,15,20180315,20180315,2018-03-15-22.40.21.030398
0001    ,GENECLAS,00010003000003216069,01,54,20180315,20180315,2018-03-15-22.40.21.030398
0001    ,GENECLAS,00010003000003216070,01,13,20180315,20180315,2018-03-15-22.40.21.030398
0001    ,GENECLAS,00010003000003216071,01,54,20180315,20180315,2018-03-15-22.40.21.030398
0001    ,GENECLAS,00010003000003216442,04,14,20180903,20180522,2018-09-03-10.31.22.399468
0001    ,GENECLAS,00010003000003216442,01,422,20180803,20180522,2018-08-03-11.30.44.197876
0001    ,GENECLAS,00010003000003216445,01,30,20180222,20180222,2018-02-23-21.39.37.527024
0001    ,GENECLAS,00010003000003216446,01,38,20180220,20180215,2018-02-21-05.55.43.236017
0001    ,GENECLAS,00010003000003216447,01,43,20180220,20180215,2018-02-21-05.55.43.236017
0001    ,GENECLAS,00010003000003216452,05,128,20180723,20180214,2018-07-23-12.38.45.551441
0001    ,GENECLAS,00010003000003216452,01,17,20180214,20180214,2018-02-15-18.17.12.681984
0001    ,GENECLAS,00010003000003216453,01,187,20180704,20180214,2018-07-04-09.18.37.307205
0001    ,GENECLAS,00010003000003216454,05,128,20180723,20180214,2018-07-23-12.38.45.551441
0001    ,GENECLAS,00010003000003216454,01,17,20180214,20180214,2018-02-15-18.17.12.681984
0001    ,GENECLAS,00010003000003216466,01,402,20180903,20180214,2018-09-03-10.31.22.399468
0001    ,GENECLAS,00010003000003216467,01,341,20180903,20180214,2018-09-03-10.31.22.399468
0001    ,GENECLAS,00010003000003216468,01,319,20180903,20180214,2018-09-03-10.31.22.399468
0001    ,GENECLAS,00010003000003216469,01,106,20180704,20180214,2018-07-04-09.18.37.307205
0001    ,GENECLAS,00010003000003216470,01,12,20180214,20180214,2018-02-15-18.17.12.681984
0001    ,GENECLAS,00010003000003216471,01,23,20180214,20180214,2018-02-15-18.17.12.681984
0001    ,GENECLAS,00010003000003216472,01,319,20180823,20180215,2018-08-23-09.23.39.519686
0001    ,GENECLAS,00010003000003216474,01,282,20180704,20180215,2018-07-04-09.18.37.307205
0001    ,GENECLAS,00010003000003216475,06,69,20180328,20180215,2018-03-28-19.01.55.546723
0001    ,GENECLAS,00010003000003216476,01,521,20180903,20180215,2018-09-03-10.31.22.399468
0001    ,GENECLAS,00010003000003216477,01,475,20180406,20180215,2018-04-06-17.42.26.387000
0001    ,GENECLAS,00010003000003216478,01,29714,20180221,20180215,2018-02-21-11.39.14.920809
0001    ,GENECLAS,00010003000003216479,01,18392,20180903,20180215,2018-09-03-10.31.22.399468
0001    ,GENECLAS,00010003000003216797,01,160,20180903,20180410,2018-09-03-10.31.22.399468
0001    ,GENECLAS,00010003000003216797,05,128,20180820,20180410,2018-08-21-07.35.30.399877
0001    ,GENECLAS,00010003000003216803,01,169,20180903,20180410,2018-09-03-10.31.22.399468
0001    ,GENECLAS,00010003000003216803,05,46,20180820,20180410,2018-08-21-07.35.30.399877
0001    ,GENEPLAT,00010003000003217429,01,61,20180727,20180424,2018-07-27-09.41.58.663996
0001    ,GENEPLAT,00010003000003217432,01,122,20180727,20180424,2018-07-27-09.41.58.663996
0001    ,AMEXGOLD,00010003000003217906,01,175,20180705,20180705,2018-07-05-08.42.08.166266
0001    ,AMEXGOLD,00010003000003217907,01,175,20180705,20180705,2018-07-05-08.42.08.166266
0001    ,AMEXGOLD,00010003000003217908,01,175,20180705,20180705,2018-07-05-08.42.08.166266
0001    ,AMEXGOLD,00010003000003217909,01,175,20180705,20180705,2018-07-05-08.42.08.166266
0001    ,AMEXGOLD,00010003000003217910,01,175,20180705,20180705,2018-07-05-08.42.08.166266
0001    ,AMEXGOLD,00010003000003217911,01,175,20180705,20180705,2018-07-05-08.42.08.166266
0001    ,AMEXGOLD,00010003000003217912,01,175,20180705,20180705,2018-07-05-08.42.08.166266
0001    ,AMEXGOLD,00010003000003217913,01,175,20180705,20180705,2018-07-05-08.42.08.166266
0001    ,AMEXGOLD,00010003000003217914,01,175,20180705,20180705,2018-07-05-08.42.08.166266
0001    ,AMEXGOLD,00010003000003217915,01,175,20180705,20180705,2018-07-05-08.42.08.166266
0001    ,AMEXGOLD,00010003000003217916,01,175,20180705,20180705,2018-07-05-08.42.08.166266
0001    ,AMEXGOLD,00010003000003217917,01,175,20180705,20180705,2018-07-05-08.42.08.166266
0001    ,AMEXGOLD,00010003000003217918,01,175,20180705,20180705,2018-07-05-08.42.08.166266
0001    ,AMEXGOLD,00010003000003217919,01,175,20180705,20180705,2018-07-05-08.42.08.166266
0001    ,AMEXGOLD,00010003000003217927,01,110,20180607,20180607,2018-06-07-21.50.13.571700
0001    ,AMEXGOLD,00010003000003217928,01,110,20180607,20180607,2018-06-07-21.50.13.571700
0001    ,AMEXGOLD,00010003000003217929,01,110,20180607,20180607,2018-06-07-21.50.13.571700
0001    ,AMEXGOLD,00010003000003217930,01,110,20180607,20180607,2018-06-07-21.50.13.571700
0001    ,AMEXGOLD,00010003000003217931,01,110,20180607,20180607,2018-06-07-21.50.13.571700
0001    ,AMEXGOLD,00010003000003217932,01,110,20180607,20180607,2018-06-07-21.50.13.571700
0001    ,AMEXGOLD,00010003000003217933,01,110,20180607,20180607,2018-06-07-21.50.13.571700
0001    ,AMEXGOLD,00010003000003217934,01,285,20180705,20180608,2018-07-05-08.42.08.166266
0001    ,AMEXGOLD,00010003000003217935,01,285,20180705,20180608,2018-07-05-08.42.08.166266
0001    ,AMEXGOLD,00010003000003217936,01,285,20180705,20180608,2018-07-05-08.42.08.166266
0001    ,AMEXGOLD,00010003000003217937,01,285,20180705,20180608,2018-07-05-08.42.08.166266
0001    ,AMEXGOLD,00010003000003217938,01,285,20180705,20180608,2018-07-05-08.42.08.166266
0001    ,AMEXGOLD,00010003000003217939,01,285,20180705,20180608,2018-07-05-08.42.08.166266
0001    ,AMEXGOLD,00010003000003217940,04,41,20180809,20180608,2018-08-09-10.26.23.755175
0001    ,AMEXGOLD,00010003000003217940,01,285,20180705,20180608,2018-07-05-08.42.08.166266
0001    ,AMEXGOLD,00010003000003217941,01,181,20180709,20180709,2018-07-09-09.32.09.044831
0001    ,AMEXGOLD,00010003000003217942,01,191,20180709,20180709,2018-07-09-09.32.09.044831
0001    ,AMEXGOLD,00010003000003217943,01,154,20180709,20180709,2018-07-09-09.32.09.044831
0001    ,AMEXGOLD,00010003000003217944,01,177,20180809,20180709,2018-08-09-10.26.23.755175
0001    ,AMEXGOLD,00010003000003217945,01,168,20180709,20180709,2018-07-09-09.32.09.044831
0001    ,AMEXGOLD,00010003000003217946,01,156,20180709,20180709,2018-07-09-09.32.09.044831
0001    ,AMEXGOLD,00010003000003217947,01,172,20180709,20180709,2018-07-09-09.32.09.044831
0001    ,AMEXGOLD,00010003000003217948,01,181,20180710,20180710,2018-07-10-08.33.28.337445
0001    ,AMEXGOLD,00010003000003217949,01,191,20180710,20180710,2018-07-10-08.33.28.337445
0001    ,AMEXGOLD,00010003000003217950,01,154,20180710,20180710,2018-07-10-08.33.28.337445
0001    ,AMEXGOLD,00010003000003217951,01,161,20180710,20180710,2018-07-10-08.33.28.337445
0001    ,AMEXGOLD,00010003000003217952,01,168,20180710,20180710,2018-07-10-08.33.28.337445
0001    ,AMEXGOLD,00010003000003217953,01,156,20180710,20180710,2018-07-10-08.33.28.337445
0001    ,AMEXGOLD,00010003000003217954,01,172,20180710,20180710,2018-07-10-08.33.28.337445
0001    ,AMEXGOLD,00010003000003217955,01,175,20180706,20180706,2018-07-06-08.46.20.445388
0001    ,AMEXGOLD,00010003000003217956,01,175,20180706,20180706,2018-07-06-08.46.20.445388
0001    ,AMEXGOLD,00010003000003217957,01,175,20180706,20180706,2018-07-06-08.46.20.445388
0001    ,AMEXGOLD,00010003000003217958,01,175,20180706,20180706,2018-07-06-08.46.20.445388
0001    ,AMEXGOLD,00010003000003217959,01,175,20180706,20180706,2018-07-06-08.46.20.445388
0001    ,AMEXGOLD,00010003000003217962,01,295,20180706,20180615,2018-07-06-08.46.20.445388
0001    ,AMEXGOLD,00010003000003217963,01,322,20180706,20180615,2018-07-06-08.46.20.445388
0001    ,AMEXGOLD,00010003000003217964,01,270,20180706,20180615,2018-07-06-08.46.20.445388
0001    ,AMEXGOLD,00010003000003217965,01,310,20180706,20180615,2018-07-06-08.46.20.445388
0001    ,AMEXGOLD,00010003000003217966,01,323,20180706,20180615,2018-07-06-08.46.20.445388
0001    ,AMEXGOLD,00010003000003217967,01,280,20180706,20180615,2018-07-06-08.46.20.445388
0001    ,AMEXGOLD,00010003000003217968,01,310,20180706,20180615,2018-07-06-08.46.20.445388
0001    ,AMEXGOLD,00010003000003217969,01,103,20180615,20180615,2018-06-15-11.52.25.235731
0001    ,AMEXGOLD,00010003000003217970,01,131,20180615,20180615,2018-06-15-11.52.25.235731
0001    ,AMEXGOLD,00010003000003217971,01,122,20180615,20180615,2018-06-15-11.52.25.235731
0001    ,AMEXGOLD,00010003000003217972,01,104,20180615,20180615,2018-06-15-11.52.25.235731
0001    ,AMEXGOLD,00010003000003217973,01,135,20180615,20180615,2018-06-15-11.52.25.235731
0001    ,AMEXGOLD,00010003000003217974,01,100,20180615,20180615,2018-06-15-11.52.25.235731
0001    ,AMEXGOLD,00010003000003217975,01,154,20180615,20180615,2018-06-15-11.52.25.235731
0001    ,AMEXGOLD,00010003000003217979,01,130,20180619,20180619,2018-06-19-09.39.07.304931
0001    ,AMEXGOLD,00010003000003217990,01,128,20180618,20180618,2018-06-18-08.16.11.778811
0001    ,AMEXGOLD,00010003000003217991,01,106,20180618,20180618,2018-06-18-08.16.11.778811
0001    ,AMEXGOLD,00010003000003217992,01,99,20180618,20180618,2018-06-18-08.16.11.778811
0001    ,AMEXGOLD,00010003000003217993,01,94,20180618,20180618,2018-06-18-08.16.11.778811
0001    ,AMEXGOLD,00010003000003217994,04,53,20180816,20180618,2018-08-16-11.50.41.550893
0001    ,AMEXGOLD,00010003000003217994,01,142,20180618,20180618,2018-06-18-08.16.11.778811
0001    ,AMEXGOLD,00010003000003217995,04,51,20180816,20180618,2018-08-16-11.50.41.550893
0001    ,AMEXGOLD,00010003000003217995,01,118,20180618,20180618,2018-06-18-08.16.11.778811
0001    ,AMEXGOLD,00010003000003217996,01,152,20180618,20180618,2018-06-18-08.16.11.778811
0001    ,AMEXGOLD,00010003000003218004,01,107,20180626,20180626,2018-06-26-10.42.53.574128
0001    ,AMEXGOLD,00010003000003218005,01,101,20180626,20180626,2018-06-26-10.42.53.574128
0001    ,AMEXGOLD,00010003000003218006,01,95,20180626,20180626,2018-06-26-10.42.53.574128
0001    ,AMEXGOLD,00010003000003218007,01,95,20180626,20180626,2018-06-26-10.42.53.574128
0001    ,AMEXGOLD,00010003000003218008,01,92,20180626,20180626,2018-06-26-10.42.53.574128
0001    ,AMEXGOLD,00010003000003218009,01,105,20180626,20180626,2018-06-26-10.42.53.574128
0001    ,AMEXGOLD,00010003000003218010,01,109,20180626,20180626,2018-06-26-10.42.53.574128
0001    ,AMEXGOLD,00010003000003218011,01,104,20180626,20180626,2018-06-26-10.42.53.574128
0001    ,AMEXGOLD,00010003000003218012,01,89,20180626,20180626,2018-06-26-10.42.53.574128
0001    ,AMEXGOLD,00010003000003218013,01,91,20180626,20180626,2018-06-26-10.42.53.574128
0001    ,AMEXGOLD,00010003000003218014,01,95,20180626,20180626,2018-06-26-10.42.53.574128
0001    ,AMEXGOLD,00010003000003218015,01,94,20180626,20180626,2018-06-26-10.42.53.574128
0001    ,AMEXGOLD,00010003000003218016,01,88,20180626,20180626,2018-06-26-10.42.53.574128
0001    ,AMEXGOLD,00010003000003218017,01,108,20180626,20180626,2018-06-26-10.42.53.574128
0001    ,GENEREMP,00010003000004012962,01,48,20180619,20180619,2018-06-19-09.39.07.304931
0001    ,GENEREMP,00010003000004012970,06,75,20170410,20170111,2017-04-10-17.24.50.810931
0001    ,GENEREMP,00010003000004013948,06,195,20170410,20170112,2017-04-10-17.24.50.810931
0001    ,GENEREMP,00010003000004014220,06,291,20170410,20170112,2017-04-10-17.24.50.810931
0001    ,GENEREMP,00010003000004014247,01,168,20170705,20170703,2017-07-05-20.33.58.700418
0001    ,GENEREMP,00010003000004015117,01,121,20180829,20170703,2018-08-29-13.04.59.718406
0001    ,GENEREMP,00010003000004023182,01,3339,20170918,20170816,2017-09-20-13.27.13.548465
0001    ,GENEREMP,00010003000004023200,01,549,20170918,20170816,2017-09-20-13.27.13.548465
0001    ,GENEREMP,00010003000004023522,01,360,20170918,20170816,2017-09-20-13.27.13.548465
0001    ,GENEREMP,00010003000004024306,01,1593,20170918,20170816,2017-09-20-13.27.13.548465
0001    ,GENEREMP,00010003000004024756,01,2070,20170918,20170816,2017-09-20-13.27.13.548465
0001    ,GENEPLAT,00010004000000010113,01,75,20170327,20170317,2017-03-27-15.48.28.663200
0001    ,GENSIGNT,00010005000000008307,01,248,20180903,20171010,2018-09-03-10.31.22.399468
0001    ,GENERORO,00010005000000009999,01,702,20170731,20170112,2017-07-31-14.55.35.385181
0001    ,GENERORO,00010005000000010179,01,694,20180903,20180711,2018-09-03-10.31.22.399468
0001    ,GENBLACK,00010005000000010838,01,4719,20180810,20180711,2018-08-10-11.17.59.929538
0001    ,GENECLAS,00010009000000010983,01,17,20170316,20170316,2017-03-16-16.04.16.536668
0001    ,GENERORO,00010014000003206122,01,312,20180903,20180522,2018-09-03-10.31.22.399468
0001    ,AMEXGOLD,00010014000003206122,01,424,20180903,20170721,2018-09-03-10.31.22.399468
0001    ,GENERORO,00010014000003206387,01,29950,20171023,20170904,2017-10-23-10.59.26.741826
0001    ,GENECLAS,00010014000003206393,01,14760,20171023,20170904,2017-10-23-10.54.10.295262
0001    ,GENECLAS,00010014000003211843,01,85,20180903,20171122,2018-09-03-10.31.22.399468
0001    ,GENECLAS,00010014000003211892,01,70,20180903,20171122,2018-09-03-10.31.22.399468
0001    ,GENECLAS,00010014000003211893,01,128,20180903,20171122,2018-09-03-10.31.22.399468
0001    ,GENECLAS,00010014000003211894,01,28,20171122,20171122,2017-11-22-15.51.44.882310
0001    ,GENECLAS,00010014000003211894,04,22,20180903,20171122,2018-09-03-10.31.22.399468
0001    ,GENERORO,00010014000003211896,04,58,20180903,20171122,2018-09-03-10.31.22.399468
0001    ,GENERORO,00010014000003211896,01,22,20171122,20171122,2017-11-22-15.51.44.882310
0001    ,GENERORO,00010014000003211897,01,59,20171122,20171122,2017-11-22-15.51.44.882310
0001    ,GENERORO,00010014000003211897,04,26,20180903,20171122,2018-09-03-10.31.22.399468
0001    ,AMEXGOLD,00010014000003211898,04,14,20180903,20171218,2018-09-03-10.31.22.399468
0001    ,AMEXGOLD,00010014000003211898,01,5196,20180130,20171218,2018-01-31-18.26.13.597149
0001    ,GENECLAS,00010014000003212085,01,39,20180402,20171225,2018-04-02-19.52.45.503176
0001    ,GENECLAS,00010014000003212620,01,93,20180406,20180105,2018-04-06-17.42.26.387000
0001    ,GENECLAS,00010014000003212621,01,297,20180406,20180105,2018-04-06-17.42.26.387000
0001    ,AMEXGOLD,00010014000003214509,01,136,20180903,20180129,2018-09-03-10.31.22.399468
0001    ,GENSIGNT,00010090000000011352,01,460,20180417,20180416,2018-04-17-22.41.49.475882
0001    ,GENSIGNT,00010149000000012964,01,538,20180417,20180416,2018-04-17-22.41.49.475882
0001    ,GENECLAS,00010199000000011579,01,351,20180809,20180808,2018-08-09-10.26.23.755175
0001    ,GENEREMP,00010206000004013903,01,154,20180829,20170703,2018-08-29-13.04.59.718406
0001    ,GENERORO,00010791000000012958,01,60,20180823,20170119,2018-08-23-09.24.04.769270
